product_id,nombre,precio,vistas,disponibilidad,imagen,link
"7015","Juego de Equilibrio y Enhebrado de Madera Transportes Jenga - Juego de Motricidad Fina","$7,500.00","218","¡Ultimas 2 unidades!","https://www.distribuidorapilita.com.ar/image/cache//prod-juguetes/juego-didactico-jenga-dinosaurios-madera-equilibrio-enhebrado-distribuidora-pilita-600x315.jpg","https://www.distribuidorapilita.com.ar/index.php?route=product/product&product_id=7015"
"7009","Juego de Madera para Enhebrar y Equilibrio Ocean Jenga 2 en 1 - Juego de Motricidad Fina","$7,500.00","208","¡Ultimas 2 unidades!","https://www.distribuidorapilita.com.ar/image/cache//prod-juguetes/juego-de-madera-para-enhebrar-y-equilibrio-ocean-jenga-2-en-1-distribuidora-pilita-600x315.jpg","https://www.distribuidorapilita.com.ar/index.php?route=product/product&product_id=7009"
"7008","Juego de Madera para Enhebrar y Equilibrio Dinosaurio Jenga 2 en 1 - Juego de Motricidad Fina","$7,500.00","206","¡Ultimas 4 unidades!","https://www.distribuidorapilita.com.ar/image/cache//prod-juguetes/juego-de-madera-para-enhebrar-y-equilibrio-dinosaurio-jenga-2-en-1-distribuidora-pilita-600x315.jpg","https://www.distribuidorapilita.com.ar/index.php?route=product/product&product_id=7008"
"7028","Rompecabezas Vertical Tipo Torre Infantil - 30 Piezas Didáctico - Animales Autóctonos","$16,500.00","205","¡Ultimas 2 unidades!","https://www.distribuidorapilita.com.ar/image/cache//prod-juguetes/rompecabezas-tipo-torre-infantil-didactico-30-piezas-vertical-distribuidora-pilita-600x315.jpg","https://www.distribuidorapilita.com.ar/index.php?route=product/product&product_id=7028"
"7027","Set de 8 Rompecabezas Infantiles de 2 Piezas en Cartón Grueso - Conociendo la Selva","$10,500.00","201","¡Ultimas 3 unidades!","https://www.distribuidorapilita.com.ar/image/cache//prod-juguetes/set-8-rompecabezas-infantiles-carton-grueso-2-piezas-selva-distribuidora-pilita-600x315.jpg","https://www.distribuidorapilita.com.ar/index.php?route=product/product&product_id=7027"
"7029","Rompecabezas Vertical Torre de Dinos Argentinos - 30 Piezas Infantil Didáctico","$16,500.00","198","¡Ultimas 4 unidades!","https://www.distribuidorapilita.com.ar/image/cache//prod-juguetes/rompecabezas-tipo-torre-dinosaurios-argentinos-kurimi-didactico-30-piezas-distribuidora-pilita-600x315.jpg","https://www.distribuidorapilita.com.ar/index.php?route=product/product&product_id=7029"
"7035","Juego de Memoria Me-Mo Magnético de Viaje - Barco de Papel","$9,500.00","197","¡Ultimas 1 unidades!","https://www.distribuidorapilita.com.ar/image/cache//prod-juguetes/me-mo-magnetico-de-viaje-juego-memoria-barco-de-papel-distribuidora-pilita----600x315.jpg","https://www.distribuidorapilita.com.ar/index.php?route=product/product&product_id=7035"
"7025","Rompecabeza Infantil + 2 Años Conociendo El Bosque - 8 Rompecabezas","$10,500.00","193","¡Ultimas 1 unidades!","https://www.distribuidorapilita.com.ar/image/cache//prod-juguetes/rompecabezas-madera-conociendo-el-bosque-kurimi-infantil-distribuidora-pilita-600x315.jpg","https://www.distribuidorapilita.com.ar/index.php?route=product/product&product_id=7025"
"7012","Pizarra Rompecabezas Didáctico de Madera Frutas con Marcador - 17 Piezas en Total","$8,200.00","189","¡Ultimas 8 unidades!","https://www.distribuidorapilita.com.ar/image/cache//prod-juguetes/rompecabezas-numerico-frutas-madera-pizarra-encastre-distribuidora-pilita-600x315.jpg","https://www.distribuidorapilita.com.ar/index.php?route=product/product&product_id=7012"
"7034","Juego Pulpo Oculto Magnético de Viaje - Barco de Papel","$9,500.00","185","¡Ultimas 3 unidades!","https://www.distribuidorapilita.com.ar/image/cache//prod-juguetes/pulpo-oculto-magnetico-de-viaje-juego-ingenio-barco-de-papel-distribuidora-pilita-600x315.jpg","https://www.distribuidorapilita.com.ar/index.php?route=product/product&product_id=7034"
"7036","Juego Clave Secreta Magnético de Viaje - Barco de Papel","$9,500.00","184","¡Ultimas 1 unidades!","https://www.distribuidorapilita.com.ar/image/cache//prod-juguetes/clave-secreta-magnetico-de-viaje-juego-deduccion-barco-de-papel-distribuidora-pilita-600x315.jpg","https://www.distribuidorapilita.com.ar/index.php?route=product/product&product_id=7036"
"7019","Cartas Didácticas con Actividades Las Estaciones y El Clima -Barco de Papel","$5,000.00","183","¡Ultimas 3 unidades!","https://www.distribuidorapilita.com.ar/image/cache//prod-juguetes/cartas-didacticas-libro-actividades-varias-tematicas-distribuidora-pilita-600x315.jpg","https://www.distribuidorapilita.com.ar/index.php?route=product/product&product_id=7019"
"7031","Juego de Vasos de Velocidad con Timbre y Tarjetas – Desafío Didáctico Mental","$14,500.00","176","¡Ultimas 2 unidades!","https://www.distribuidorapilita.com.ar/image/cache//prod-juguetes/juego-de-vasos-de-velocidad-con-timbre-didactico-mayorista-600x315.jpg","https://www.distribuidorapilita.com.ar/index.php?route=product/product&product_id=7031"
"7011","Pizarra Rompecabezas Didáctico de Madera Bichitos con Marcador - 17 Piezas en Total","$8,200.00","175","¡Ultimas 1 unidades!","https://www.distribuidorapilita.com.ar/image/cache//prod-juguetes/rompecabezas-numerico-madera-pizarra-encastre-insectos-distribuidora-pilita-600x315.jpg","https://www.distribuidorapilita.com.ar/index.php?route=product/product&product_id=7011"
"7022","Juego de Mesa Picos de Rapidez y Destreza con Pinzas en Lata - Barco de Papel","$23,500.00","174","¡Ultimas 1 unidades!","https://www.distribuidorapilita.com.ar/image/cache//prod-juguetes/juego-de-mesa-picos-rapidez-destreza-pinzas-distribuidora-pilita-600x315.jpg","https://www.distribuidorapilita.com.ar/index.php?route=product/product&product_id=7022"
"7014","Pizarra Rompecabezas Didáctico de Madera Vehículos de Construcción con Marcador - 18 Piezas en Total","$8,200.00","169","¡Ultimas 2-3 Days unidades!","https://www.distribuidorapilita.com.ar/image/cache//prod-juguetes/rompecabezas-numerico-vehiculos-construccion-madera-pizarra-encastre-distribuidora-pilita-600x315.jpg","https://www.distribuidorapilita.com.ar/index.php?route=product/product&product_id=7014"
"7030","Tangram de Madera Grande Hexagonal Multicolor – 96 Piezas Didácticas","$11,000.00","157","¡Ultimas 3 unidades!","https://www.distribuidorapilita.com.ar/image/cache//prod-juguetes/juguetes-de-madera-por-mayor-tangram-hexagonal-distribuidora-pilita-600x315.jpg","https://www.distribuidorapilita.com.ar/index.php?route=product/product&product_id=7030"
"7023","Juego de Mesa Colaborativo Miedos para Explorar +6 Años Barco de Papel","$14,000.00","155","¡Ultimas 2 unidades!","https://www.distribuidorapilita.com.ar/image/cache//prod-juguetes/juego-de-mesa-colaborativo-miedos-para-explorar-emociones-distribuidora-pilita-600x315.jpg","https://www.distribuidorapilita.com.ar/index.php?route=product/product&product_id=7023"
"7005","Libro de Crucigramas Modelos Surtidos 96 Páginas 15x22 cm","$1,700.00","154","¡Ultimas 6 unidades!","https://www.distribuidorapilita.com.ar/image/cache//prod-libros-infantiles/libro-de-crucigramas-teorema-modelos-surtidos-96-paginas-distribuidora-pilita-600x315.jpg","https://www.distribuidorapilita.com.ar/index.php?route=product/product&product_id=7005"
"7042","Rompecabezas Dinosaurios x 8 unidades Animales de Madera 4 y 5 Piezas - Juguetes Didácticos x Mayor","$3,900.00","149","¡Ultimas 9 unidades!","https://www.distribuidorapilita.com.ar/image/cache//prod-juguetes/rompecabezas-dinosaurios-madera-didacticos-x8-juguetes-por-mayor-distribuidora-pilita-600x315.jpg","https://www.distribuidorapilita.com.ar/index.php?route=product/product&product_id=7042"
"7052","Libro Didáctico Magnético con Letras de Madera - Para Aprender el Abecedario y Las Letras","$18,500.00","148","¡Ultimas 3 unidades!","https://www.distribuidorapilita.com.ar/image/cache//prod-juguetes/libro-didactico-magnetico-madera-infantil-letras-numeros-mayorista-distribuidora-pilita-600x315.jpg","https://www.distribuidorapilita.com.ar/index.php?route=product/product&product_id=7052"
"7043","Pelota Sensorial Antiestrés de Goma Texturada 7 cm","$1,900.00","144","¡Ultimas 8 unidades!","https://www.distribuidorapilita.com.ar/image/cache//prod-juguetes/pelota-sensorial-antiestres-goma-didactica-mayorista-distribuidora-pilita-600x315.jpg","https://www.distribuidorapilita.com.ar/index.php?route=product/product&product_id=7043"
"7006","Libro de Sudoku Infinito Modelos Surtidos 96 Páginas 15x22 cm","$1,700.00","138","¡Ultimas 2 unidades!","https://www.distribuidorapilita.com.ar/image/cache//prod-libros-infantiles/libro-de-sudoku-infinito-modelos-surtidos-96-paginas-distribuidora-pilita-600x315.jpg","https://www.distribuidorapilita.com.ar/index.php?route=product/product&product_id=7006"
"7017","Rompecabezas Infantil Cumpleaños 24 Piezas de Cartón Grueso - Barco de Papel","$8,000.00","135","¡Ultimas 2 unidades!","https://www.distribuidorapilita.com.ar/image/cache//prod-juguetes/rompecabezas-carton-grueso-cumpleanos-24-piezas-infantil-distribuidora-pilita-600x315.jpg","https://www.distribuidorapilita.com.ar/index.php?route=product/product&product_id=7017"
"7039","Juego Didáctico de Ortografía - Regletas de Encastre con Letras de Madera para Niños","$14,500.00","129","¡Ultimas 5 unidades!","https://www.distribuidorapilita.com.ar/image/cache//prod-juguetes/juego-didactico-ortografia-regletas-encastre-letras-madera-ninos-mayorista-distribuidora-pilita-600x315.jpg","https://www.distribuidorapilita.com.ar/index.php?route=product/product&product_id=7039"
"7047","Libro El Principito En Imprenta Mayúscula Con 3 Rompecabezas de 9 Piezas","$5,200.00","125","¡Ultimas 3 unidades!","https://www.distribuidorapilita.com.ar/image/cache//prod-libros-infantiles/libro-infantil-el-principito-imprenta-mayuscula-con-3-rompecabezas-distribuidora-pilita-mayorista-600x315.jpg","https://www.distribuidorapilita.com.ar/index.php?route=product/product&product_id=7047"
"7032","Vínculos en Construcción - Juego de Mesa para Debate, Reflexión y ESI - Barco de Papel","$16,200.00","124","¡Ultimas 2 unidades!","https://www.distribuidorapilita.com.ar/image/cache//prod-juguetes/vinculos-en-construccion-juego-mesa-debate-reflexion-esi-barco-de-papel-distribuidora-pilita-600x315.jpg","https://www.distribuidorapilita.com.ar/index.php?route=product/product&product_id=7032"
"7049","Libro Infantil con Rompecabezas &quot;Caperucita Roja&quot; - Mis Clásicos de Siempre (School Fun)","$5,200.00","121","¡Ultimas 2 unidades!","https://www.distribuidorapilita.com.ar/image/cache//prod-libros-infantiles/libro-infantil-con-rompecabezas-caperucita-roja-mayorista-distribuidora-pilita-600x315.jpg","https://www.distribuidorapilita.com.ar/index.php?route=product/product&product_id=7049"
"7050","Libro Infantil con Rompecabezas &quot;Pinocho&quot; - Mis Clásicos de Siempre (School Fun)","$5,200.00","109","¡Ultimas 3 unidades!","https://www.distribuidorapilita.com.ar/image/cache//prod-libros-infantiles/libro-infantil-con-rompecabezas-pinocho-mayorista-distribuidora-pilita-600x315.jpg","https://www.distribuidorapilita.com.ar/index.php?route=product/product&product_id=7050"
"7048","Libro Infantil con Rompecabezas &quot;Los Tres Cerditos&quot; - Mis Clásicos de Siempre (School Fun)","$5,200.00","108","¡Ultimas 1 unidades!","https://www.distribuidorapilita.com.ar/image/cache//prod-libros-infantiles/libro-infantil-con-rompecabezas-los-tres-cerditos-mayorista-distribuidora-pilita-600x315.jpg","https://www.distribuidorapilita.com.ar/index.php?route=product/product&product_id=7048"
"7044","Libro Infantil Cinco Dinosaurios Ruidosos Con Texturas Libro Didáctico Infantil de Estimulación Sensorial","$9,200.00","107","¡Ultimas 2-3 Days unidades!","https://www.distribuidorapilita.com.ar/image/cache//prod-libros-infantiles/libro-infantil-cinco-dinosaurios-ruidosos-texturas-tapa-dura-por-mayor-distribuidora-pilita-600x315.jpg","https://www.distribuidorapilita.com.ar/index.php?route=product/product&product_id=7044"
"7073","¡Desafío Escolar! Practicamos la Imprenta Minúscula (17x24 cm - 64 Págs)","$2,200.00","100","¡Ultimas 4 unidades!","https://www.distribuidorapilita.com.ar/image/cache//prod-libros-infantiles/libro-desafio-escolar-practicamos-la-imprenta-minuscula-primer-ciclo-17x24-distribuidora-pilita-mayorista-600x315.jpg","https://www.distribuidorapilita.com.ar/index.php?route=product/product&product_id=7073"
"7054","Libro Con Sonido Jack Y Las Habichuelas Mágicas Cuentos Clásicos Infantiles - El Gato de Hojalata","$18,500.00","99","¡Ultimas 1 unidades!","https://www.distribuidorapilita.com.ar/image/cache//prod-libros-infantiles/libro-con-sonido-jack-y-las-habichuelas-magicas-cuentos-infantiles-distribuidora-pilita-600x315.jpg","https://www.distribuidorapilita.com.ar/index.php?route=product/product&product_id=7054"
"7051","Libro Didáctico con Pizarra Magnética con Números de Madera - Para Operaciones Matemáticas y Aprendizaje","$18,500.00","95","¡Ultimas 3 unidades!","https://www.distribuidorapilita.com.ar/image/cache//prod-juguetes/libro-didactico-con-pizarra-magnetica-madera-letras-numeros-mayorista-distribuidora-pilita-600x315.jpg","https://www.distribuidorapilita.com.ar/index.php?route=product/product&product_id=7051"
"7088","Clásicos Desplegables: La Sirenita - Tapa Acolchada Pop-Up (19.5x19.5 cm) - Imprenta Mayúscula","$7,500.00","95","¡Ultimas 1 unidades!","https://www.distribuidorapilita.com.ar/image/cache//prod-libros-infantiles/libro-la-sirenita-clasicos-desplegables-pop-up-tapa-acolchada-19-5x19-5-distribuidora-pilita-mayorista-600x315.jpg","https://www.distribuidorapilita.com.ar/index.php?route=product/product&product_id=7088"
"7090","Libro Clásicos Desplegables: Pinocho - Tapa Acolchada Pop-Up (19.5x19.5 cm)","$7,500.00","84","¡Ultimas 2 unidades!","https://www.distribuidorapilita.com.ar/image/cache//prod-libros-infantiles/libro-pinocho-clasicos-desplegables-pop-up-tapa-acolchada-19-5x19-5-distribuidora-pilita-mayorista-600x315.jpg","https://www.distribuidorapilita.com.ar/index.php?route=product/product&product_id=7090"
"7089","Libro Clásicos Desplegables: Cenicienta - Tapa Acolchada Pop-Up (19.5x19.5 cm) - Imprenta Mayúscula","$7,500.00","79","¡Ultimas 2 unidades!","https://www.distribuidorapilita.com.ar/image/cache//prod-libros-infantiles/libro-cenicienta-clasicos-desplegables-pop-up-tapa-acolchada-19-5x19-5-distribuidora-pilita-mayorista-600x315.jpg","https://www.distribuidorapilita.com.ar/index.php?route=product/product&product_id=7089"
"7087","Valija Didáctica Princesas: Para Leer, Decorar y Pintar - School Fun (Con Acuarelas y Stickers)","$6,500.00","76","¡Ultimas 2 unidades!","https://www.distribuidorapilita.com.ar/image/cache//prod-libros-infantiles/libro-valijita-princesas-school-fun-para-leer-y-pintar-con-acuarelas-y-stickers-distribuidora-pilita-mayorista-600x315.jpg","https://www.distribuidorapilita.com.ar/index.php?route=product/product&product_id=7087"
"7003","Rompecabezas Didáctico de Madera Encastrable Frutas con Nombres 30x22 cm","$3,500.00","74","¡Ultimas 3 unidades!","https://www.distribuidorapilita.com.ar/image/cache//prod-juguetes/rompecabezas-didactico-madera-encastrable-frutas-con-nombres-30x22cm-distribuidora-pilita-600x315.jpg","https://www.distribuidorapilita.com.ar/index.php?route=product/product&product_id=7003"
"7083","Mandalas: Shanti (24.5x22 cm - 24 Págs) - Libro para Colorear","$1,700.00","74","¡Ultimas 2 unidades!","https://www.distribuidorapilita.com.ar/image/cache//prod-libros-infantiles/libro-mandalas-shanti-para-colorear-arte-terapia-24-5x22-distribuidora-pilita-mayorista-600x315.jpg","https://www.distribuidorapilita.com.ar/index.php?route=product/product&product_id=7083"
"7069","Valijita para Colorear Amigos Monstruosos - Con Manija (23x31 cm - 16 Págs)","$1,900.00","69","¡Ultimas 2 unidades!","https://www.distribuidorapilita.com.ar/image/cache//prod-libros-infantiles/libro-para-colorear-amigos-monstruosos-con-manija-infantil-23x31-distribuidora-pilita-mayorista-600x315.jpg","https://www.distribuidorapilita.com.ar/index.php?route=product/product&product_id=7069"
"7084","Mandalas: Color Espiritual (24.5x22 cm - 48 Págs) - Libro para Colorear","$2,200.00","69","¡Ultimas 2 unidades!","https://www.distribuidorapilita.com.ar/image/cache//prod-libros-infantiles/libro-mandalas-color-espiritual-con-frases-para-reflexionar-24-5x22-distribuidora-pilita-mayorista-600x315.jpg","https://www.distribuidorapilita.com.ar/index.php?route=product/product&product_id=7084"
"7066","Dino Explora - Incluye Memotest (20x28 cm - 32 Págs) - Libro de Actividades x Mayor","$1,900.00","65","¡Ultimas 2 unidades!","https://www.distribuidorapilita.com.ar/image/cache//prod-libros-infantiles/libro-de-actividades-dino-explora-con-memotest-20x28-distribuidora-pilita-mayorista-600x315.jpg","https://www.distribuidorapilita.com.ar/index.php?route=product/product&product_id=7066"
"7079","Mundo Capibara: Mi Libro Para Jugar y Colorear (24.5x22 cm - 48 Págs)","$2,200.00","65","¡Ultimas 2-3 Days unidades!","https://www.distribuidorapilita.com.ar/image/cache//prod-libros-infantiles/libro-mundo-capibara-mi-libro-para-jugar-y-colorear-infantil-24-5x22-distribuidora-pilita-mayorista-600x315.jpg","https://www.distribuidorapilita.com.ar/index.php?route=product/product&product_id=7079"
"7070","Valijita para Colorear Viaje por el Espacio - Con Manija (23x31 cm - 16 Págs)","$1,900.00","64","¡Ultimas 2-3 Days unidades!","https://www.distribuidorapilita.com.ar/image/cache//prod-libros-infantiles/libro-para-colorear-viaje-por-el-espacio-con-manija-infantil-23x31-distribuidora-pilita-mayorista-600x315.jpg","https://www.distribuidorapilita.com.ar/index.php?route=product/product&product_id=7070"
"7076","¡Desafío Escolar! Practicamos la Letra Cursiva (17x24 cm - 64 Págs)","$2,200.00","64","¡Ultimas 4 unidades!","https://www.distribuidorapilita.com.ar/image/cache//prod-libros-infantiles/libro-desafio-escolar-practicamos-la-letra-cursiva-caligrafia-17x24-distribuidora-pilita-mayorista-600x315.jpg","https://www.distribuidorapilita.com.ar/index.php?route=product/product&product_id=7076"
"7077","Sopas de Letras: Tapas de la Selección Argentina (15x23 cm - 32 Págs)","$1,000.00","64","En Stock","https://www.distribuidorapilita.com.ar/image/cache//prod-libros-infantiles/libro-el-capitan-sopas-de-letras-genericas-tapas-surtidas-jugadores-seleccion-argentina-15x23-distribuidora-pilita-mayorista-600x315.jpg","https://www.distribuidorapilita.com.ar/index.php?route=product/product&product_id=7077"
"7062","Libro de Actividades Infantil &quot;Arco Iris! Incluye divertidísimo Memotest&quot; (20x28 cm) - 16 pág","$1,700.00","61","¡Ultimas 2-3 Days unidades!","https://www.distribuidorapilita.com.ar/image/cache//prod-libros-infantiles/distribuidora-pilita-mayorista-libros-infantiles-actividades-x-mayor-arco-iris-con-memotest-600x315.jpg","https://www.distribuidorapilita.com.ar/index.php?route=product/product&product_id=7062"
"7098","Animales de la Selva - Libro Infantil Aprende y Diviértete - Libro Tapa Dura Troquelado - 15x20 cm - 10 páginas","$6,200.00","60","¡Ultimas 1 unidades!","https://www.distribuidorapilita.com.ar/image/cache//prod-libros-infantiles/animales-de-la-selva-libro-infantil-aprende-y-diviertete-distribuidora-pilita-mayorista-libros-infantiles-x-mayor-600x315.jpg","https://www.distribuidorapilita.com.ar/index.php?route=product/product&product_id=7098"
"7078","Mundo Dinosaurios: Mi Libro Para Jugar y Colorear (24.5x22 cm - 48 Págs)","$2,200.00","59","¡Ultimas 4 unidades!","https://www.distribuidorapilita.com.ar/image/cache//prod-libros-infantiles/libro-mundo-dinosaurios-mi-libro-para-jugar-y-colorear-infantil-24-5x22-distribuidora-pilita-mayorista-600x315.jpg","https://www.distribuidorapilita.com.ar/index.php?route=product/product&product_id=7078"
"7063","Mandalas Mindfulness (28x20 cm - 16 Págs) - Libros para Colorear por Mayor","$1,600.00","58","¡Ultimas 2 unidades!","https://www.distribuidorapilita.com.ar/image/cache//prod-libros-infantiles/libro-para-colorear-mandalas-mindfulness-actividades-28x20-distribuidora-pilita-mayorista-600x315.jpg","https://www.distribuidorapilita.com.ar/index.php?route=product/product&product_id=7063"
"7074","¡Desafío Escolar! Practicamos los Números (17x24 cm - 64 Págs)","$2,200.00","57","¡Ultimas 4 unidades!","https://www.distribuidorapilita.com.ar/image/cache//prod-libros-infantiles/libro-desafio-escolar-practicamos-los-numeros-del-1-al-100-17x24-distribuidora-pilita-mayorista-600x315.jpg","https://www.distribuidorapilita.com.ar/index.php?route=product/product&product_id=7074"
"7095","Muñecos de Madera para Enroscar - Juguete Didáctico de Coordinación y Motricidad","$18,500.00","53","¡Ultimas 3 unidades!","https://www.distribuidorapilita.com.ar/image/cache//prod-juguetes/munecos-de-madera-para-enroscar-juguete-didactico-coordinacion-juguetes-didacticos-por-mayor-distribuidora-pilita-600x315.jpg","https://www.distribuidorapilita.com.ar/index.php?route=product/product&product_id=7095"
"7092","Sonajero Maraca Chica de Madera Infantil - Estimulación Temprana","$1,500.00","51","¡Ultimas 5 unidades!","https://www.distribuidorapilita.com.ar/image/cache//prod-juguetes/sonajero-maraca-chica-madera-infantil-estimulacion-juguetes-didacticos-por-mayor-distribuidora-pilita-600x315.jpg","https://www.distribuidorapilita.com.ar/index.php?route=product/product&product_id=7092"
"7096","Dinosaurios - Libro Infantil Aprende y Diviértete - Libro Tapa Dura Troquelado - 15x20 cm - 10 páginas","$6,200.00","50","¡Ultimas 1 unidades!","https://www.distribuidorapilita.com.ar/image/cache//prod-libros-infantiles/dinosaurios-libro-infantil-aprende-y-diviertete-distribuidora-pilita-mayorista-libros-infantiles-x-mayor-600x315.jpg","https://www.distribuidorapilita.com.ar/index.php?route=product/product&product_id=7096"
"7097","En la Granja - Libro Infantil Aprende y Diviértete- Libro Tapa Dura Troquelado - 15x20 cm - 10 páginas","$6,200.00","50","¡Ultimas 3 unidades!","https://www.distribuidorapilita.com.ar/image/cache//prod-libros-infantiles/en-la-granja-libro-infantil-aprende-y-diviertete-distribuidora-pilita-mayorista-libros-infantiles-x-mayor-600x315.jpg","https://www.distribuidorapilita.com.ar/index.php?route=product/product&product_id=7097"
"7099","Unicornios - Libro Infantil Aprende y Diviértete- Libro Tapa Dura Troquelado - 15x20 cm - 10 páginas","$6,200.00","50","¡Ultimas 2 unidades!","https://www.distribuidorapilita.com.ar/image/cache//prod-libros-infantiles/unicornios-libro-infantil-aprende-y-diviertete-distribuidora-pilita-mayorista-libros-infantiles-x-mayor-600x315.jpg","https://www.distribuidorapilita.com.ar/index.php?route=product/product&product_id=7099"
"7075","¡Desafío Escolar! Practicamos el Abecedario (17x24 cm - 64 Págs)","$2,200.00","48","¡Ultimas 2 unidades!","https://www.distribuidorapilita.com.ar/image/cache//prod-libros-infantiles/libro-desafio-escolar-practicamos-el-abecedario-imprenta-mayuscula-17x24-distribuidora-pilita-mayorista-600x315.jpg","https://www.distribuidorapilita.com.ar/index.php?route=product/product&product_id=7075"
"7061","Libro de Actividades Infantil &quot;Dino Gigantes: Juegos prehistóricos&quot; (20x28 cm) - 16 pág","$1,700.00","46","¡Ultimas 2 unidades!","https://www.distribuidorapilita.com.ar/image/cache//prod-libros-infantiles/distribuidora-pilita-mayorista-libros-infantiles-actividades-x-mayor-dino-gigantes-juegos-prehistoricos-600x315.jpg","https://www.distribuidorapilita.com.ar/index.php?route=product/product&product_id=7061"
"7067","Dino Desafíos: Acertijos &amp; Adivinanzas (23x31 cm - 16 Págs)","$1,900.00","33","¡Ultimas 4 unidades!","https://www.distribuidorapilita.com.ar/image/cache//prod-libros-infantiles/libro-dino-desafios-acertijos-y-adivinanzas-infantiles-23x31-distribuidora-pilita-mayorista-600x315.jpg","https://www.distribuidorapilita.com.ar/index.php?route=product/product&product_id=7067"
"7064","Hadas &amp; Sirenas: Un Reino de Sueños (20x28 cm - 32 Págs) - Libro de Actividades x Mayor","$1,900.00","31","¡Ultimas 4 unidades!","https://www.distribuidorapilita.com.ar/image/cache//prod-libros-infantiles/libro-de-actividades-hadas-y-sirenas-un-reino-de-suenos-20x28-distribuidora-pilita-mayorista-600x315.jpg","https://www.distribuidorapilita.com.ar/index.php?route=product/product&product_id=7064"
"7104","Momentos Geniales: La Granja ruidosa con fichas removibles – Un cuento tierno sobre amistad, juego y descubrimiento","$8,400.00","26","¡Ultimas 1 unidades!","https://www.distribuidorapilita.com.ar/image/cache//prod-libros-infantiles/libro-infantil-cuentos-la-granja-ruidosa-fichas-removibles-distribuidora-pilita-600x315.jpg","https://www.distribuidorapilita.com.ar/index.php?route=product/product&product_id=7104"
"7101","Librito Sensorial de Tela para Bebé Diseño de Animales con Texturas - Animales de la Selva","$9,500.00","21","¡Ultimas 2 unidades!","https://www.distribuidorapilita.com.ar/image/cache//prod-juguetes/librito-sensorial-de-tela-animales-con-texturas-bebe-didactico-distribuidora-pilita-600x315.jpg","https://www.distribuidorapilita.com.ar/index.php?route=product/product&product_id=7101"